HorseID,Rtg,Sire,Pla,RaceDate,Dist,FinishTime,DeclarHorseWt
V348,43,Swiss Ace,8,2017-09-03,1000,0.57.72,1037
S397,59,Not A Single Doubt,4,2015-09-06,1000,0.56.69,1147
A252,93,Not A Single Doubt,5,2017-09-03,1200,1.09.08,1131
T280,19,Flying Spur,12,2017-09-03,1200,1.11.45,1061
T429,19,Not A Single Doubt,3,2017-09-03,1200,1.10.46,1183
V334,46,Flying Spur,5,2017-09-03,1400,1.22.94,1168
V002,80,Not A Single Doubt,5,2016-09-03,1000,0.56.74,1121
A074,75,Swiss Ace,6,2017-09-03,1000,0.57.30,1159
A149,80,Swiss Ace,12,2017-09-03,1000,0.58.97,1159
M273,69,Flying Spur,2,2012-09-08,1200,1.10.12,1214
S419,73,Commands,8,2017-09-03,1200,1.10.28,1094
V150,78,Snitzel,10,2017-09-03,1200,1.10.55,1137
T098,84,Duke Of Marmalade,7,2016-09-03,1400,1.21.51,1180
V150,82,Snitzel,8,2016-09-03,1400,1.21.76,1109
V011,40,Not A Single Doubt,10,2016-09-07,1200,0.00.00,1100
V105,55,Showcasing,5,2016-09-07,1650,1.42.41,1029
A128,53,Swiss Ace,2,2017-09-06,1200,1.11.08,983
T345,41,Commands,10,2017-09-06,1200,1.12.60,1071
V011,52,Not A Single Doubt,6,2017-09-06,1200,1.11.47,1100
M273,45,Flying Spur,5,2016-09-07,1200,1.11.91,1231
T345,53,Commands,6,2016-09-07,1200,1.12.14,1081
A337,77,More Than Ready,11,2017-09-06,1200,1.10.83,1153
T341,67,Commands,6,2017-09-06,1200,1.10.64,1065
T405,61,Commands,5,2017-09-06,1200,1.10.63,1113
V347,65,Showcasing,9,2017-09-06,1200,1.10.79,1112
T405,61,Commands,3,2016-09-07,1200,1.11.07,1082
A280,48,Showcasing,2,2017-09-10,1200,1.09.74,1080
T289,40,Showcasing,3,2016-09-11,1000,0.58.10,1091
M273,32,Flying Spur,11,2017-09-10,1000,0.59.09,1257
V375,38,Makfi,3,2017-09-10,1000,0.57.06,1150
T280,19,Flying Spur,10,2017-09-10,1400,1.23.87,1060
T429,20,Not A Single Doubt,3,2017-09-10,1400,1.23.33,1183
V250,58,Duke Of Marmalade,6,2017-09-10,1200,1.10.02,1206
S078,65,Commands,6,2014-09-21,1600,1.35.60,1048
S397,70,Not A Single Doubt,3,2016-09-11,1200,1.09.48,1168
T289,68,Showcasing,10,2015-09-13,1200,1.10.45,1075
A074,75,Swiss Ace,2,2017-09-10,1200,1.08.85,1152
M273,40,Flying Spur,2,2014-09-24,1000,0.56.50,1234
S078,50,Commands,7,2016-09-18,1650,1.40.90,1045
M273,50,Flying Spur,10,2015-09-16,1000,0.00.00,1100
M273,45,Flying Spur,11,2016-09-18,1000,0.58.00,1240
T345,53,Commands,8,2016-09-18,1000,0.57.86,1074
V258,54,Not A Single Doubt,12,2016-09-18,1000,0.58.01,1139
V347,53,Showcasing,5,2016-09-18,1000,0.57.55,1145
S078,54,Commands,10,2017-09-13,1650,0.00.00,1100
V020,77,Showcasing,10,2017-09-13,1650,1.41.91,1110
S397,69,Not A Single Doubt,9,2017-09-13,1200,1.10.63,1169
V002,80,Not A Single Doubt,7,2016-09-18,1000,0.56.64,1118
M273,70,Flying Spur,3,2012-09-19,1200,1.10.31,1206
T375,85,Not A Single Doubt,1,2017-09-13,1650,1.40.05,978
T098,81,Duke Of Marmalade,6,2015-09-16,1650,1.41.07,1212
P310,85,Not A Single Doubt,7,2016-09-18,1000,0.56.42,1101
T345,40,Commands,1,2017-09-16,1000,0.57.09,1079
V375,38,Makfi,9,2017-09-16,1650,1.41.97,1130
V250,56,Duke Of Marmalade,9,2017-09-16,1650,1.40.81,1224
S078,59,Commands,5,2015-09-19,1650,1.40.38,1016
V078,88,More Than Ready,8,2017-09-16,1000,0.56.66,1131
V151,89,Commands,7,2017-09-16,1000,0.56.61,1135
T405,61,Commands,4,2016-09-21,1200,1.10.76,1086
A294,74,Commands,10,2017-09-16,1000,0.57.58,1171
P310,71,Not A Single Doubt,14,2017-09-16,1000,1.02.47,1129
P310,70,Not A Single Doubt,5,2015-09-19,1000,0.56.16,1113
S419,64,Commands,1,2015-09-19,1000,0.55.76,1093
V150,78,Snitzel,7,2017-09-16,1400,1.21.77,1141
P310,57,Not A Single Doubt,9,2014-10-01,1000,0.57.06,1081
T429,31,Not A Single Doubt,8,2016-09-25,1200,1.10.78,1163
T280,47,Flying Spur,10,2015-09-23,1200,1.12.05,989
A128,55,Swiss Ace,2,2017-09-20,1200,1.09.98,991
V011,52,Not A Single Doubt,5,2017-09-20,1200,1.10.90,1103
A154,71,Makfi,7,2017-09-20,1200,1.10.12,991
T405,61,Commands,10,2017-09-20,1200,1.10.39,1111
V020,74,Showcasing,10,2016-09-25,1200,1.10.16,1114
T345,50,Commands,1,2015-09-28,1000,0.57.18,1048
A280,48,Showcasing,4,2017-09-24,1200,1.10.15,1088
T280,24,Flying Spur,10,2016-09-28,1650,1.42.73,1023
T429,20,Not A Single Doubt,9,2017-09-24,1400,1.23.67,1195
V334,46,Flying Spur,9,2017-09-24,1400,1.22.81,1176
V011,40,Not A Single Doubt,2,2016-09-28,1200,1.11.18,1068
A074,77,Swiss Ace,2,2017-09-24,1200,1.09.58,1143
V151,78,Commands,4,2016-09-28,1200,1.10.58,1123
A024,87,Sebring,9,2017-09-24,1400,1.22.71,1097
V078,88,More Than Ready,12,2017-09-24,1400,1.23.03,1133
T375,82,Not A Single Doubt,7,2015-09-28,1400,1.22.54,1028
T098,84,Duke Of Marmalade,9,2016-09-28,1650,1.41.45,1190
T375,88,Not A Single Doubt,1,2016-09-28,1650,1.40.46,986
T282,39,Snitzel,9,2016-10-01,1400,1.23.02,1051
T436,36,Showcasing,4,2016-10-01,1400,1.22.84,1073
V341,49,More Than Ready,1,2017-09-27,1200,1.09.91,1129
T436,37,Showcasing,2,2017-09-27,1200,1.10.53,1095
V334,48,Flying Spur,10,2016-10-01,1400,1.22.79,1149
S397,59,Not A Single Doubt,5,2015-10-01,1200,1.10.56,1136
T280,18,Flying Spur,1,2017-09-27,1650,1.40.63,1050
V385,51,Commands,7,2017-09-27,1000,0.57.75,1034
T289,67,Showcasing,9,2015-10-01,1200,1.10.44,1075
M273,70,Flying Spur,6,2012-10-06,1200,1.09.86,1212
A171,65,Snitzel,3,2017-09-27,1200,1.09.80,1071
A337,77,More Than Ready,11,2017-09-27,1200,1.10.55,1157
S419,73,Commands,5,2017-09-27,1200,1.10.04,1106
T341,67,Commands,8,2017-09-27,1200,1.10.22,1072
A207,59,Not A Single Doubt,6,2017-10-01,1200,1.10.20,1049
V324,51,Commands,3,2017-10-01,1400,1.22.83,1205
T405,52,Commands,6,2015-10-04,1000,0.58.35,1124
V375,52,Makfi,9,2016-10-05,1200,1.11.74,1112
M273,40,Flying Spur,1,2014-10-12,1000,0.56.74,1225
S397,70,Not A Single Doubt,3,2016-10-05,1200,1.11.17,1164
T345,51,Commands,8,2016-10-05,1200,1.11.97,1073
A093,112,More Than Ready,6,2017-10-01,1400,1.22.30,1097
V105,55,Showcasing,5,2016-10-05,1650,1.42.93,1021
V150,77,Snitzel,8,2017-10-01,1400,1.22.85,1147
A252,93,Not A Single Doubt,2,2017-10-01,1200,1.09.18,1140
P310,70,Not A Single Doubt,9,2015-10-04,1000,0.58.96,1099
T098,81,Duke Of Marmalade,2,2015-10-04,1600,1.35.36,1194
T405,60,Commands,4,2017-10-05,1200,1.10.89,1106
V011,50,Not A Single Doubt,5,2017-10-05,1200,1.11.06,1104
V348,41,Swiss Ace,2,2017-10-05,1200,1.10.69,1024
V258,54,Not A Single Doubt,8,2016-10-08,1200,1.10.73,1133
T429,29,Not A Single Doubt,7,2016-10-08,1200,1.10.46,1172
A128,57,Swiss Ace,6,2017-10-05,1200,1.10.83,981
S078,59,Commands,4,2015-10-07,1650,1.42.00,1012
T280,45,Flying Spur,11,2015-10-07,1200,1.12.71,996
V150,82,Snitzel,7,2016-10-08,1600,1.34.12,1130
V002,79,Not A Single Doubt,8,2016-10-08,1200,1.09.65,1117
A290,52,Makfi,4,2017-10-08,1200,1.09.69,1160
T429,18,Not A Single Doubt,6,2017-10-08,1200,1.10.12,1206
V334,44,Flying Spur,1,2017-10-08,1400,1.21.99,1178
T289,40,Showcasing,12,2016-10-12,1200,1.13.54,1096
V011,41,Not A Single Doubt,1,2016-10-12,1200,1.10.69,1074
T098,74,Duke Of Marmalade,13,2017-10-08,1650,1.42.39,1204
T281,75,More Than Ready,5,2017-10-08,1650,1.40.05,1128
S419,70,Commands,3,2015-10-10,1200,1.09.38,1094
S078,65,Commands,3,2014-10-19,1650,1.41.02,1038
T211,77,Sebring,1,2015-10-10,1200,1.09.20,1087
M273,30,Flying Spur,4,2017-10-11,1000,0.58.00,1259
T436,39,Showcasing,2,2017-10-11,1000,0.57.68,1084
V347,53,Showcasing,1,2016-10-16,1000,0.57.15,1131
T436,36,Showcasing,6,2016-10-16,1600,1.36.02,1067
P310,57,Not A Single Doubt,3,2014-10-22,1000,0.57.56,1084
A154,71,Makfi,2,2017-10-11,1650,1.40.27,998
V020,77,Showcasing,6,2017-10-11,1650,1.40.56,1116
T280,21,Flying Spur,5,2016-10-16,1400,1.23.26,1016
T405,52,Commands,7,2015-10-14,1000,0.58.38,1109
V334,46,Flying Spur,7,2016-10-16,1600,1.35.78,1166
T280,25,Flying Spur,2,2017-10-14,1600,1.34.84,1056
V258,27,Not A Single Doubt,3,2017-10-14,1600,1.34.86,1161
V020,72,Showcasing,6,2016-10-16,1200,1.09.20,1124
M273,70,Flying Spur,3,2012-10-21,1000,0.57.31,1208
V341,54,More Than Ready,10,2017-10-14,1400,1.24.12,1130
P310,85,Not A Single Doubt,13,2016-10-16,1000,0.57.07,1115
A280,48,Showcasing,4,2017-10-14,1400,1.22.55,1103
T345,55,Commands,2,2015-10-18,1200,1.09.84,1060
T289,38,Showcasing,5,2016-10-19,1000,0.58.32,1087
A024,87,Sebring,2,2017-10-14,1600,1.34.34,1086
A294,73,Commands,6,2017-10-14,1200,1.10.51,1170
V078,88,More Than Ready,10,2017-10-14,1200,0.00.00,1100
V342,85,Swiss Ace,1,2017-10-14,1200,1.08.73,1087
P310,68,Not A Single Doubt,1,2015-10-18,1000,0.56.43,1102
V150,75,Snitzel,8,2017-10-14,1400,1.22.51,1144
V105,55,Showcasing,3,2016-10-19,1650,1.41.01,1034
T341,64,Commands,2,2016-10-19,1200,1.10.40,1079
T345,45,Commands,1,2017-10-18,1200,1.09.61,1081
S078,54,Commands,5,2017-10-18,1650,1.40.89,1061
T429,28,Not A Single Doubt,5,2016-10-23,1200,1.09.89,1163
V324,52,Commands,5,2016-10-23,1200,1.10.16,1200
T405,58,Commands,4,2017-10-18,1200,1.11.20,1107
V258,52,Not A Single Doubt,7,2016-10-23,1400,1.22.89,1138
S397,57,Not A Single Doubt,4,2015-10-22,1200,1.11.18,1137
T341,65,Commands,1,2017-10-18,1200,1.09.98,1084
S078,59,Commands,5,2015-10-22,1650,1.42.99,1017
V002,77,Not A Single Doubt,11,2016-10-23,1200,1.10.48,1117
V385,51,Commands,9,2017-10-22,1000,0.58.59,1032
T211,126,Sebring,1,2016-10-23,1200,1.08.29,1094
M273,50,Flying Spur,1,2011-10-30,1200,1.10.21,1232
T098,72,Duke Of Marmalade,8,2017-10-22,1600,1.35.17,1220
V381,77,Sebring,10,2017-10-22,1600,1.35.76,1139
V011,48,Not A Single Doubt,3,2017-10-22,1400,1.23.46,1105
V324,51,Commands,2,2017-10-22,1400,1.23.28,1208
A002,91,Duke Of Marmalade,4,2017-10-22,1800,1.46.88,1077
T282,37,Snitzel,1,2016-10-26,1650,1.42.42,1048
T436,34,Showcasing,7,2016-10-26,1650,1.42.71,1077
P310,65,Not A Single Doubt,14,2013-11-03,1000,0.58.95,1132
T211,127,Sebring,2,2017-10-22,1200,1.08.20,1089
S078,49,Commands,8,2016-10-26,1650,1.42.35,1044
A337,75,More Than Ready,6,2017-10-22,1200,1.09.46,1156
T375,94,Not A Single Doubt,5,2016-10-26,1650,1.41.05,1008
S397,71,Not A Single Doubt,12,2016-10-26,1000,0.58.74,1167
T375,82,Not A Single Doubt,5,2015-10-25,1400,1.22.56,1008
T280,20,Flying Spur,5,2016-10-30,1650,1.42.63,1005
M273,71,Flying Spur,6,2012-11-07,1000,0.57.91,1225
M273,48,Flying Spur,3,2014-11-09,1000,0.57.07,1237
S397,52,Not A Single Doubt,4,2014-11-09,1000,0.57.20,1138
T282,53,Snitzel,6,2017-10-25,1650,1.41.18,1068
V163,48,Sebring,12,2016-10-30,1650,1.43.92,1094
A154,73,Makfi,1,2017-10-25,1650,1.40.35,1008
V150,73,Snitzel,8,2017-10-25,1650,1.40.96,1142
S419,71,Commands,5,2017-10-25,1200,1.10.07,1080
V105,55,Showcasing,3,2016-10-30,1650,1.42.52,1037
T098,83,Duke Of Marmalade,5,2016-10-30,1650,1.42.13,1195
T436,41,Showcasing,3,2017-10-29,1200,1.10.75,1097
V348,43,Swiss Ace,1,2017-10-29,1200,1.10.59,1014
A418,73,More Than Ready,1,2017-10-29,1200,1.09.89,1079
P310,71,Not A Single Doubt,6,2017-10-29,1200,1.10.49,1140
T280,42,Flying Spur,7,2015-11-08,1200,1.11.26,980
S397,69,Not A Single Doubt,4,2017-10-29,1000,0.57.16,1171
P310,57,Not A Single Doubt,9,2014-11-12,1000,0.58.58,1091
T375,90,Not A Single Doubt,2,2017-10-29,1650,1.40.34,986
T281,52,More Than Ready,1,2016-11-02,1800,1.49.68,1139
A252,96,Not A Single Doubt,1,2017-10-29,1200,1.09.28,1154
V151,89,Commands,3,2017-10-29,1200,1.09.52,1141
V375,38,Makfi,9,2017-11-01,1650,1.41.35,1142
V341,54,More Than Ready,7,2017-11-01,1200,1.10.51,1131
V347,58,Showcasing,2,2016-11-06,1200,1.09.58,1130
M273,56,Flying Spur,2,2011-11-13,1200,1.10.67,1238
V375,52,Makfi,14,2016-11-06,1400,1.23.91,1130
A338,82,Snitzel,12,2017-11-01,1200,1.10.93,1127
T098,82,Duke Of Marmalade,5,2015-11-08,1600,1.34.86,1211
A294,71,Commands,14,2017-11-01,1650,1.41.75,1175
T098,70,Duke Of Marmalade,10,2017-11-01,1650,1.40.29,1233
T281,75,More Than Ready,2,2017-11-01,1650,1.39.23,1125
M273,44,Flying Spur,10,2016-11-06,1000,0.57.95,1244
V306,48,Snitzel,1,2016-11-06,1000,0.57.17,1166
V258,50,Not A Single Doubt,10,2016-11-06,1600,1.36.36,1132
V334,44,Flying Spur,10,2016-11-06,1400,1.23.76,1170
V002,63,Not A Single Doubt,3,2017-11-05,1000,0.57.13,1125
V020,70,Showcasing,6,2016-11-06,1400,1.23.00,1111
T405,56,Commands,5,2017-11-05,1200,1.10.02,1111
V250,54,Duke Of Marmalade,3,2017-11-05,1200,1.09.80,1237
S419,85,Commands,12,2016-11-06,1400,1.24.05,1083
V150,81,Snitzel,3,2016-11-06,1400,1.22.31,1135
A207,59,Not A Single Doubt,11,2017-11-05,1400,1.22.95,1041
A290,52,Makfi,1,2017-11-05,1400,1.22.05,1155
V334,52,Flying Spur,3,2017-11-05,1400,1.22.31,1179
T289,36,Showcasing,5,2016-11-09,1000,0.58.68,1101
A024,89,Sebring,9,2017-11-05,1800,1.46.90,1095
A093,112,More Than Ready,5,2017-11-05,1800,1.46.13,1091
T436,32,Showcasing,6,2016-11-09,1650,1.42.27,1080
V381,75,Sebring,9,2017-11-05,1800,1.48.42,1136
V011,49,Not A Single Doubt,11,2016-11-09,1200,1.11.57,1087
T341,52,Commands,4,2015-11-14,1200,1.10.58,1095
T405,50,Commands,3,2015-11-14,1200,1.10.57,1094
T280,26,Flying Spur,9,2017-11-08,1800,1.52.04,1073
V385,51,Commands,7,2017-11-08,1000,0.57.69,1034
T341,67,Commands,2,2016-11-09,1200,1.10.88,1079
T405,61,Commands,4,2016-11-09,1200,1.10.96,1103
V011,48,Not A Single Doubt,3,2017-11-08,1200,1.10.79,1099
S078,65,Commands,11,2014-11-19,1650,1.42.99,1047
P310,74,Not A Single Doubt,4,2015-11-14,1000,0.57.14,1114
V002,65,Not A Single Doubt,2,2015-11-14,1000,0.56.88,1112
T345,49,Commands,11,2016-11-12,1200,1.10.34,1074
V020,76,Showcasing,4,2017-11-08,1650,1.41.29,1115
T429,26,Not A Single Doubt,6,2016-11-12,1650,1.40.92,1167
S419,73,Commands,3,2015-11-14,1200,1.10.01,1081
T289,65,Showcasing,13,2015-11-14,1200,1.10.95,1081
P310,71,Not A Single Doubt,4,2017-11-08,1200,1.10.51,1132
T341,71,Commands,1,2017-11-08,1200,1.10.39,1084
S397,56,Not A Single Doubt,10,2015-11-18,1200,1.10.15,1139
V341,68,More Than Ready,9,2016-11-12,1000,0.58.07,1136
T345,56,Commands,5,2015-11-18,1200,1.09.24,1065
B067,52,Makfi,14,2017-11-11,1400,1.24.20,986
A386,52,Not A Single Doubt,14,2017-11-11,1200,1.11.72,1043
A002,73,Duke Of Marmalade,2,2016-11-12,1600,1.35.07,1101
A337,73,More Than Ready,6,2017-11-11,1200,1.09.99,1150
V375,50,Makfi,12,2016-11-16,1200,1.12.15,1139
P310,56,Not A Single Doubt,1,2014-11-26,1000,0.57.29,1080
T282,42,Snitzel,4,2016-11-16,1650,1.41.22,1042
V150,71,Snitzel,12,2017-11-11,1400,1.22.67,1157
T098,82,Duke Of Marmalade,8,2016-11-16,1800,1.49.76,1196
A128,57,Swiss Ace,1,2017-11-15,1200,1.10.25,991
S078,53,Commands,7,2017-11-15,1650,1.41.90,1061
V324,52,Commands,9,2016-11-20,1400,1.22.91,1193
V334,42,Flying Spur,12,2016-11-20,1400,1.23.30,1168
T436,41,Showcasing,2,2017-11-15,1200,1.10.80,1099
T281,58,More Than Ready,1,2016-11-20,1800,1.47.29,1137
T375,80,Not A Single Doubt,2,2015-11-21,1400,1.21.81,1005
A154,78,Makfi,9,2017-11-15,1650,1.42.17,1020
T211,90,Sebring,1,2015-11-21,1200,1.08.73,1082
M273,61,Flying Spur,10,2013-11-27,1200,1.11.35,1191
M273,48,Flying Spur,9,2014-11-30,1000,0.57.24,1233
S397,52,Not A Single Doubt,5,2014-11-30,1000,0.56.79,1148
V375,37,Makfi,8,2017-11-19,1650,1.40.33,1136
V011,52,Not A Single Doubt,7,2015-11-25,1200,1.11.54,1072
M273,71,Flying Spur,10,2012-11-28,1000,0.58.55,1236
V324,53,Commands,13,2017-11-19,1400,1.23.76,1214
T211,128,Sebring,2,2016-11-20,1200,1.08.36,1086
V381,72,Sebring,10,2017-11-19,2000,2.03.14,1132
S078,58,Commands,9,2015-11-25,1650,1.43.37,1023
A002,91,Duke Of Marmalade,9,2017-11-19,1800,1.48.65,1072
T289,34,Showcasing,10,2016-11-23,1000,0.58.69,1099
A252,102,Not A Single Doubt,10,2017-11-19,1200,0.00.00,1100
T211,127,Sebring,9,2017-11-19,1200,1.10.10,1085
T375,92,Not A Single Doubt,5,2017-11-19,1600,1.34.44,992
M273,58,Flying Spur,1,2011-11-30,1200,1.10.88,1241
A067,75,Makfi,11,2017-11-19,1400,1.22.96,1148
V150,69,Snitzel,9,2017-11-19,1400,1.22.79,1150
M273,50,Flying Spur,3,2015-11-29,1000,0.57.47,1234
A338,82,Snitzel,12,2017-11-19,1200,1.10.42,1116
A418,81,More Than Ready,11,2017-11-19,1200,1.10.39,1094
V151,89,Commands,8,2017-11-19,1200,1.10.09,1141
S078,47,Commands,2,2016-11-23,1650,1.41.65,1051
V105,55,Showcasing,1,2016-11-23,1650,1.41.63,1043
T405,49,Commands,3,2015-11-29,1200,1.10.06,1089
M273,28,Flying Spur,6,2017-11-22,1200,1.11.13,1247
T289,48,Showcasing,2,2017-11-22,1200,1.10.74,1098
T405,54,Commands,5,2017-11-22,1200,1.10.81,1122
V347,60,Showcasing,11,2016-11-27,1400,1.23.90,1138
V341,54,More Than Ready,6,2017-11-22,1650,1.41.88,1136
S397,69,Not A Single Doubt,9,2017-11-22,1200,1.11.68,1174
M273,42,Flying Spur,13,2016-11-27,1000,0.58.42,1250
V306,55,Snitzel,6,2016-11-27,1000,0.57.75,1163
A171,66,Snitzel,4,2017-11-22,1200,1.10.48,1073
V342,74,Swiss Ace,10,2016-11-27,1200,0.00.00,1100
V020,76,Showcasing,5,2017-11-22,1650,1.40.91,1117
B041,52,Showcasing,5,2017-11-26,1000,0.58.09,1026
V163,46,Sebring,11,2016-11-27,1600,1.36.30,1088
V258,48,Not A Single Doubt,14,2016-11-27,1600,1.37.36,1134
M273,61,Flying Spur,6,2013-12-04,1000,0.58.03,1188
A002,76,Duke Of Marmalade,2,2016-11-27,1600,1.34.39,1096
M273,70,Flying Spur,5,2012-12-09,1200,1.09.96,1234
T375,94,Not A Single Doubt,6,2016-11-27,1400,1.22.45,1006
V150,81,Snitzel,2,2016-11-27,1400,1.22.32,1132
T289,32,Showcasing,1,2016-11-30,1200,1.10.65,1095
V342,93,Swiss Ace,10,2017-11-26,1400,0.00.00,1100
P310,63,Not A Single Doubt,8,2014-12-10,1000,0.57.27,1086
T341,52,Commands,1,2015-12-06,1200,1.10.69,1092
T345,56,Commands,2,2015-12-06,1200,1.10.85,1061
M273,48,Flying Spur,4,2014-12-10,1000,0.57.57,1222
T345,55,Commands,2,2017-11-29,1200,1.10.21,1079
T341,69,Commands,5,2016-11-30,1200,1.10.51,1084
T405,62,Commands,2,2016-11-30,1200,1.10.28,1109
T429,24,Not A Single Doubt,3,2016-12-04,1200,1.09.31,1169
P310,74,Not A Single Doubt,3,2015-12-06,1000,0.57.06,1113
A313,52,More Than Ready,6,2017-11-29,1200,1.11.08,1085
T289,50,Showcasing,4,2017-11-29,1200,1.10.74,1099
P310,72,Not A Single Doubt,11,2017-11-29,1200,1.11.29,1135
S419,73,Commands,1,2015-12-06,1400,1.22.24,1098
V381,69,Sebring,12,2017-11-29,1800,1.51.64,1144
B083,52,Swiss Ace,1,2017-12-03,1200,1.08.38,992
V011,52,Not A Single Doubt,4,2015-12-09,1200,1.11.68,1076
A207,58,Not A Single Doubt,9,2017-12-03,1400,1.23.82,1057
A290,59,Makfi,2,2017-12-03,1400,1.22.64,1157
A386,52,Not A Single Doubt,14,2017-12-03,1400,1.25.66,1062
T098,80,Duke Of Marmalade,5,2016-12-04,1650,1.38.84,1201
V020,68,Showcasing,4,2016-12-04,1400,1.22.08,1100
V341,68,More Than Ready,13,2016-12-04,1400,1.23.43,1125
T281,77,More Than Ready,7,2017-12-03,1650,1.39.70,1135
P310,85,Not A Single Doubt,11,2016-12-04,1200,1.10.14,1135
A294,69,Commands,7,2017-12-03,1000,0.57.17,1197
T280,18,Flying Spur,7,2016-12-07,1650,1.42.07,1024
S419,84,Commands,5,2016-12-07,1000,0.57.42,1090
A067,73,Makfi,10,2017-12-03,1400,1.22.80,1147
S419,70,Commands,10,2017-12-03,1400,0.00.00,1100
V002,63,Not A Single Doubt,1,2017-12-03,1400,1.22.17,1112
M273,40,Flying Spur,7,2016-12-07,1000,0.58.36,1243
T405,53,Commands,8,2017-12-06,1200,1.10.80,1110
T436,43,Showcasing,5,2017-12-06,1200,1.10.76,1097
V011,48,Not A Single Doubt,10,2017-12-06,1200,1.10.99,1117
V348,48,Swiss Ace,2,2017-12-06,1200,1.10.71,1022
T341,76,Commands,3,2017-12-06,1200,1.10.26,1086
T282,42,Snitzel,1,2016-12-07,1650,1.40.58,1036
T282,53,Snitzel,12,2017-12-06,1650,1.41.82,1070
S078,76,Commands,9,2013-12-15,1400,1.25.10,1048
V385,50,Commands,4,2017-12-06,1000,0.57.77,1046
T098,82,Duke Of Marmalade,4,2015-12-13,1600,1.35.49,1221
T375,81,Not A Single Doubt,7,2015-12-13,1600,1.35.77,1014
A338,80,Snitzel,7,2017-12-06,1000,0.57.46,1109
A024,80,Sebring,7,2016-12-11,1200,1.09.77,1080
A042,70,Swiss Ace,9,2016-12-11,1200,1.09.81,1106
T281,65,More Than Ready,5,2016-12-11,1800,1.48.68,1133
V150,67,Snitzel,9,2017-12-06,1650,1.41.02,1162
T211,100,Sebring,3,2015-12-13,1400,1.22.37,1090
V381,65,Sebring,7,2017-12-10,1800,1.48.35,1131
T211,128,Sebring,2,2016-12-11,1200,1.08.82,1078
A252,102,Not A Single Doubt,1,2017-12-10,1400,1.21.25,1163
S078,64,Commands,9,2014-12-20,1600,1.35.75,1046
A093,112,More Than Ready,8,2017-12-10,2400,2.27.64,1068
M273,68,Flying Spur,10,2012-12-19,1200,0.00.00,1100
T211,127,Sebring,4,2017-12-10,1200,1.08.79,1087
V381,87,Sebring,10,2016-12-11,1200,1.10.14,1125
S397,54,Not A Single Doubt,1,2015-12-16,1200,1.10.72,1137
A418,81,More Than Ready,6,2017-12-10,1200,1.09.70,1096
V151,87,Commands,8,2017-12-10,1200,1.09.81,1151
A093,93,More Than Ready,1,2016-12-11,1600,1.35.96,1096
T375,94,Not A Single Doubt,9,2016-12-11,1600,1.36.37,1004
S078,56,Commands,1,2015-12-16,1650,1.42.06,1030
T375,102,Not A Single Doubt,8,2017-12-10,1600,1.34.43,990
T098,76,Duke Of Marmalade,3,2014-12-20,1400,1.22.48,1188
T289,38,Showcasing,1,2016-12-14,1200,1.10.46,1095
M273,65,Flying Spur,10,2011-12-21,1200,1.11.73,1230
T280,39,Flying Spur,9,2015-12-19,1400,1.24.47,992
A002,89,Duke Of Marmalade,4,2017-12-10,1600,1.35.68,1075
A024,89,Sebring,5,2017-12-10,1600,1.35.95,1098
M273,50,Flying Spur,9,2015-12-19,1000,0.58.09,1236
T429,52,Not A Single Doubt,11,2015-12-19,1000,0.58.69,1138
M273,48,Flying Spur,5,2014-12-28,1000,0.57.32,1239
S397,52,Not A Single Doubt,1,2014-12-28,1000,0.56.89,1145
T280,26,Flying Spur,4,2017-12-13,1650,1.41.64,1077
S078,49,Commands,3,2016-12-14,1650,1.41.18,1047
V375,48,Makfi,12,2016-12-14,1650,1.42.56,1143
T281,52,More Than Ready,10,2015-12-19,1600,1.36.34,1125
V250,54,Duke Of Marmalade,9,2017-12-13,1650,1.41.09,1230
T280,16,Flying Spur,14,2016-12-17,1650,1.42.70,1022
T289,62,Showcasing,4,2015-12-19,1400,1.22.51,1080
A154,78,Makfi,2,2017-12-13,1650,1.39.99,1025
T098,68,Duke Of Marmalade,7,2017-12-13,1650,1.40.30,1232
V020,75,Showcasing,9,2017-12-13,1650,1.40.42,1119
S397,68,Not A Single Doubt,3,2017-12-13,1200,1.10.09,1164
V324,50,Commands,6,2016-12-17,1200,1.10.22,1186
V347,60,Showcasing,4,2016-12-17,1200,1.09.87,1124
B040,52,Sebring,1,2017-12-17,1000,0.57.62,1147
V375,35,Makfi,7,2017-12-17,1800,1.49.04,1122
P310,84,Not A Single Doubt,9,2016-12-17,1000,0.57.14,1130
S419,83,Commands,4,2016-12-17,1000,0.56.78,1090
B083,57,Swiss Ace,1,2017-12-17,1200,1.09.09,1012
A067,74,Makfi,10,2016-12-17,1400,1.22.49,1162
B107,70,More Than Ready,11,2017-12-17,1200,1.10.63,1092
V347,65,Showcasing,6,2017-12-17,1200,1.10.17,1108
A313,52,More Than Ready,8,2017-12-17,1400,1.23.54,1068
S397,60,Not A Single Doubt,4,2015-12-23,1200,1.10.69,1130
T405,49,Commands,2,2015-12-23,1200,1.10.35,1101
A189,57,Not A Single Doubt,5,2017-12-17,1600,1.35.55,1057
B067,52,Makfi,10,2017-12-17,1600,1.36.08,1010
M273,26,Flying Spur,2,2017-12-20,1000,0.57.46,1252
V105,60,Showcasing,1,2016-12-22,1650,1.40.43,1047
A002,77,Duke Of Marmalade,2,2016-12-22,2200,2.17.00,1088
T405,62,Commands,7,2016-12-22,1200,1.10.06,1101
V250,80,Duke Of Marmalade,12,2016-12-22,1200,1.11.01,1154
T345,58,Commands,3,2015-12-27,1200,1.10.08,1058
T436,43,Showcasing,5,2017-12-20,1200,1.10.37,1097
V341,53,More Than Ready,10,2017-12-20,1200,1.11.29,1143
T429,24,Not A Single Doubt,3,2016-12-27,1200,1.11.36,1162
T436,30,Showcasing,9,2016-12-27,1600,1.36.75,1085
V334,40,Flying Spur,11,2016-12-27,1600,1.36.95,1168
A128,63,Swiss Ace,2,2017-12-20,1200,1.09.73,996
A171,66,Snitzel,3,2017-12-20,1200,1.09.74,1072
T341,77,Commands,11,2017-12-20,1200,1.10.57,1092
P310,75,Not A Single Doubt,2,2015-12-27,1000,0.56.77,1114
V002,68,Not A Single Doubt,1,2015-12-27,1000,0.56.77,1118
M273,59,Flying Spur,12,2014-01-01,1200,1.12.30,1228
B041,52,Showcasing,13,2017-12-23,1200,1.11.24,1034
B042,52,Showcasing,10,2017-12-23,1200,1.10.57,1045
T280,35,Flying Spur,12,2016-01-01,1800,1.50.04,992
A207,56,Not A Single Doubt,5,2017-12-23,1400,1.23.42,1058
A290,62,Makfi,1,2017-12-23,1400,1.22.55,1153
M273,49,Flying Spur,7,2016-01-01,1000,0.58.14,1241
A074,80,Swiss Ace,9,2016-12-27,1000,0.58.85,1157
V002,75,Not A Single Doubt,8,2016-12-27,1000,0.58.44,1117
A222,46,More Than Ready,11,2017-12-23,1400,1.23.78,1089
V250,52,Duke Of Marmalade,2,2017-12-23,1400,1.23.10,1215
T098,78,Duke Of Marmalade,1,2016-12-27,1650,1.38.72,1197
T341,59,Commands,5,2016-01-01,1200,1.10.59,1095
V150,82,Snitzel,9,2016-12-27,1400,1.22.64,1141
T281,77,More Than Ready,8,2017-12-23,1650,1.38.77,1133
V381,63,Sebring,3,2017-12-23,1650,1.38.23,1135
T345,46,Commands,2,2017-01-01,1000,0.57.64,1071
V306,55,Snitzel,4,2017-01-01,1000,0.57.82,1149
A002,88,Duke Of Marmalade,8,2017-12-23,2000,2.03.07,1080
A067,71,Makfi,10,2017-12-23,1400,1.23.20,1155
A338,80,Snitzel,4,2017-12-23,1400,1.22.28,1115
V258,45,Not A Single Doubt,12,2017-01-01,1600,1.36.93,1135
S419,79,Commands,4,2016-01-01,1400,1.22.53,1092
A024,80,Sebring,2,2017-01-01,1200,1.09.73,1085
V341,66,More Than Ready,11,2017-01-01,1200,1.10.75,1134
M273,68,Flying Spur,9,2013-01-09,1200,1.11.35,1233
V163,43,Sebring,14,2017-01-01,1400,1.23.85,1099
V375,45,Makfi,13,2017-01-01,1400,1.23.74,1133
V385,50,Commands,4,2017-12-27,1000,0.58.00,1049
T405,51,Commands,10,2017-12-27,1200,1.11.41,1105
V020,66,Showcasing,6,2017-01-01,1600,1.35.12,1100
A294,67,Commands,8,2017-12-27,1000,0.58.12,1194
S419,81,Commands,7,2017-01-01,1200,1.09.44,1089
T280,26,Flying Spur,8,2018-01-01,1600,1.37.22,1076
T098,77,Duke Of Marmalade,4,2015-01-10,1600,1.35.90,1190
V334,53,Flying Spur,5,2018-01-01,1400,1.23.01,1191
T436,52,Showcasing,11,2016-01-09,1200,1.10.85,1088
T345,56,Commands,5,2018-01-01,1200,1.10.53,1085
S078,49,Commands,2,2017-01-04,1650,1.41.26,1042
T282,48,Snitzel,6,2017-01-04,1650,1.41.68,1049
A189,57,Not A Single Doubt,4,2018-01-01,1600,1.35.73,1049
T405,51,Commands,3,2016-01-09,1200,1.10.15,1089
B067,50,Makfi,4,2018-01-01,1200,1.10.56,1012
T405,62,Commands,12,2017-01-04,1200,1.12.12,1093
V020,80,Showcasing,10,2016-01-09,1000,0.57.28,1110
V020,73,Showcasing,5,2018-01-01,1800,1.48.82,1105
P310,63,Not A Single Doubt,1,2015-01-14,1000,0.57.55,1093
A252,108,Not A Single Doubt,6,2018-01-01,1400,1.21.68,1164
S397,60,Not A Single Doubt,11,2016-01-09,1400,1.23.19,1142
T289,61,Showcasing,9,2016-01-09,1400,1.22.83,1090
M273,66,Flying Spur,4,2013-01-16,1000,0.58.13,1225
B190,52,Snitzel,1,2018-01-07,1000,0.57.72,1077
T375,81,Not A Single Doubt,3,2016-01-09,1600,1.35.49,1006
A067,74,Makfi,2,2017-01-08,1400,1.22.42,1163
V250,80,Duke Of Marmalade,9,2017-01-08,1400,1.22.92,1155
V381,63,Sebring,5,2018-01-07,1600,1.35.41,1131
V324,48,Commands,8,2017-01-08,1400,1.23.09,1188
A313,50,More Than Ready,8,2018-01-07,1400,1.23.85,1064
A042,70,Swiss Ace,11,2017-01-08,1400,1.23.40,1105
S078,76,Commands,10,2014-01-11,1400,1.23.13,1036
T280,31,Flying Spur,10,2016-01-13,1650,1.44.12,982
V150,82,Snitzel,6,2017-01-08,1600,1.34.80,1151
A337,71,More Than Ready,12,2018-01-07,1200,1.11.37,1156
A338,80,Snitzel,3,2018-01-07,1400,1.22.47,1113
B107,70,More Than Ready,12,2018-01-07,1400,1.23.78,1096
V002,68,Not A Single Doubt,7,2018-01-07,1400,1.23.11,1126
V150,64,Snitzel,11,2018-01-07,1400,1.23.50,1158
V347,60,Showcasing,4,2017-01-11,1000,0.57.82,1124
A024,88,Sebring,2,2018-01-07,1600,1.35.59,1099
V011,49,Not A Single Doubt,9,2017-01-11,1200,1.11.41,1102
M273,47,Flying Spur,9,2016-01-17,1000,0.57.81,1244
M273,28,Flying Spur,5,2018-01-10,1000,0.58.44,1243
T436,41,Showcasing,5,2018-01-10,1200,1.10.56,1090
V348,48,Swiss Ace,4,2018-01-10,1200,1.10.50,1008
T429,52,Not A Single Doubt,11,2016-01-17,1200,1.11.82,1152
B042,52,Showcasing,10,2018-01-10,1200,1.11.76,1062
T289,50,Showcasing,6,2018-01-10,1200,1.11.45,1112
T281,52,More Than Ready,6,2016-01-17,1600,1.37.14,1128
S078,51,Commands,5,2018-01-10,1650,1.41.88,1063
T098,83,Duke Of Marmalade,9,2017-01-11,1650,1.40.92,1206
M273,47,Flying Spur,2,2015-01-21,1000,0.57.58,1250
A294,65,Commands,11,2018-01-10,1000,0.58.22,1197
P310,72,Not A Single Doubt,10,2018-01-10,1000,0.58.20,1135
P310,82,Not A Single Doubt,10,2017-01-11,1200,1.11.04,1132
A093,110,More Than Ready,1,2018-01-10,1800,1.50.14,1074
T429,23,Not A Single Doubt,7,2017-01-14,1200,1.11.45,1169
M273,56,Flying Spur,10,2014-01-19,1000,0.59.23,1216
A154,78,Makfi,12,2018-01-10,1650,1.42.06,1027
V306,55,Snitzel,9,2017-01-14,1200,1.10.82,1142
V002,74,Not A Single Doubt,4,2016-01-17,1200,1.09.77,1132
A418,81,More Than Ready,5,2018-01-10,1200,1.10.21,1093
V258,28,Not A Single Doubt,7,2018-01-13,1400,1.23.73,1153
S419,79,Commands,1,2016-01-17,1400,1.22.18,1099
A222,44,More Than Ready,10,2018-01-13,1400,1.23.17,1088
T282,51,Snitzel,14,2018-01-13,1400,1.24.35,1083
T405,49,Commands,5,2018-01-13,1400,1.22.85,1121
V151,78,Commands,2,2017-01-14,1200,1.09.74,1143
B040,59,Sebring,1,2018-01-13,1200,1.09.77,1172
V011,51,Not A Single Doubt,5,2016-01-20,1200,1.11.85,1097
A002,80,Duke Of Marmalade,2,2017-01-14,1800,1.48.15,1086
T281,65,More Than Ready,6,2017-01-14,1800,1.49.05,1133
P310,78,Not A Single Doubt,2,2016-01-20,1000,0.58.25,1127
A002,86,Duke Of Marmalade,4,2018-01-13,1650,1.37.70,1082
A154,83,Makfi,10,2017-01-14,1400,1.22.58,1021
V381,87,Sebring,7,2017-01-14,1400,1.22.30,1129
S078,62,Commands,3,2016-01-20,1650,1.41.67,1029
A207,56,Not A Single Doubt,10,2018-01-13,1600,1.37.07,1059
V347,63,Showcasing,5,2018-01-13,1200,1.08.81,1135
B080,52,Showcasing,12,2018-01-17,1000,1.00.35,1219
T289,48,Showcasing,2,2018-01-17,1000,0.57.32,1104
V385,49,Commands,5,2018-01-17,1000,0.57.80,1053
V151,52,Commands,3,2016-01-24,1200,1.10.84,1152
A313,48,More Than Ready,7,2018-01-17,1650,1.42.05,1073
T341,69,Commands,10,2017-01-18,1200,0.00.00,1100
A128,64,Swiss Ace,6,2018-01-17,1200,1.10.45,999
S397,68,Not A Single Doubt,5,2018-01-17,1200,1.10.34,1191
V385,52,Commands,13,2017-01-22,1000,1.00.01,1039
P310,68,Not A Single Doubt,5,2015-01-28,1000,0.57.35,1094
A171,67,Snitzel,7,2018-01-17,1200,1.10.69,1079
T341,77,Commands,6,2018-01-17,1200,1.10.69,1106
V334,37,Flying Spur,12,2017-01-22,1400,1.24.19,1171
S078,62,Commands,11,2015-01-28,1650,1.42.00,1044
B041,50,Showcasing,13,2018-01-21,1000,0.59.50,1011
V011,49,Not A Single Doubt,3,2017-01-22,1200,1.10.49,1081
V375,42,Makfi,14,2017-01-22,1200,1.11.79,1136
T211,102,Sebring,4,2016-01-24,1600,1.35.64,1088
S397,60,Not A Single Doubt,7,2015-02-01,1000,0.58.20,1143
V002,68,Not A Single Doubt,9,2018-01-21,1400,1.23.06,1121
A074,80,Swiss Ace,14,2017-01-22,1000,0.59.42,1136
V250,54,Duke Of Marmalade,14,2018-01-21,1400,1.24.46,1216
T098,83,Duke Of Marmalade,7,2017-01-22,1800,1.47.95,1199
M273,65,Flying Spur,7,2013-01-30,1000,0.57.92,1238
A386,49,Not A Single Doubt,14,2018-01-21,1400,1.24.55,1056
V011,46,Not A Single Doubt,9,2018-01-21,1400,1.23.46,1103
V324,53,Commands,6,2018-01-21,1400,1.23.30,1198
A024,82,Sebring,8,2017-01-22,1200,1.10.14,1088
T341,59,Commands,1,2016-01-31,1200,1.10.84,1100
A093,98,More Than Ready,6,2017-01-22,1600,1.35.59,1081
V381,85,Sebring,12,2017-01-22,1600,1.36.05,1115
V151,85,Commands,5,2018-01-21,1200,1.09.82,1135
V150,80,Snitzel,5,2017-01-22,1400,1.22.65,1149
M273,39,Flying Spur,11,2017-01-25,1000,0.58.61,1264
T289,59,Showcasing,10,2016-01-31,1400,1.23.68,1091
T098,77,Duke Of Marmalade,2,2015-02-01,1400,1.22.50,1178
B107,68,More Than Ready,11,2018-01-21,1400,1.23.63,1080
S078,49,Commands,3,2017-01-25,1650,1.41.14,1045
V347,60,Showcasing,7,2017-01-25,1200,1.10.90,1114
V375,33,Makfi,8,2018-01-24,1650,1.40.10,1128
S419,79,Commands,11,2017-01-25,1200,1.11.38,1097
T405,62,Commands,1,2017-01-25,1200,1.10.54,1100
A002,85,Duke Of Marmalade,1,2018-01-24,1800,1.47.32,1073
T281,75,More Than Ready,5,2018-01-24,1800,1.48.14,1131
V381,61,Sebring,4,2018-01-24,1800,1.48.02,1139
A074,79,Swiss Ace,2,2018-01-24,1200,1.08.24,1136
V347,61,Showcasing,5,2018-01-24,1200,1.08.62,1124
T429,22,Not A Single Doubt,4,2017-01-30,1200,1.10.70,1173
T436,28,Showcasing,8,2017-01-30,1200,1.10.78,1088
T405,51,Commands,2,2016-02-03,1200,1.10.99,1095
A294,62,Commands,14,2018-01-24,1650,1.40.65,1191
V020,73,Showcasing,1,2018-01-24,1650,1.38.20,1108
M273,47,Flying Spur,11,2015-02-07,1000,0.57.97,1234
T211,128,Sebring,2,2017-01-30,1200,1.09.28,1077
M273,53,Flying Spur,4,2014-02-05,1000,0.57.85,1209
A189,57,Not A Single Doubt,7,2018-01-28,1600,1.36.13,1047
A222,42,More Than Ready,5,2018-01-28,1600,1.35.89,1081
V334,53,Flying Spur,12,2018-01-28,1600,1.36.85,1194
P310,80,Not A Single Doubt,14,2017-01-30,1000,0.57.85,1118
A067,76,Makfi,10,2017-01-30,1400,1.23.65,1156
M273,45,Flying Spur,12,2016-02-06,1000,0.59.99,1278
V105,52,Showcasing,11,2016-02-06,1000,0.59.93,1066
T211,127,Sebring,8,2018-01-28,1200,1.10.30,1085
A252,108,Not A Single Doubt,4,2018-01-28,1600,1.34.89,1169
T375,102,Not A Single Doubt,13,2018-01-28,1600,1.35.58,983
V151,80,Commands,4,2017-01-30,1200,1.10.05,1128
T345,58,Commands,10,2016-02-06,1200,1.10.26,1068
A002,83,Duke Of Marmalade,5,2017-01-30,1600,1.35.93,1084
V020,66,Showcasing,9,2017-01-30,1600,1.36.27,1079
T281,50,More Than Ready,9,2016-02-06,1600,1.36.75,1128
T289,50,Showcasing,6,2018-01-31,1000,0.57.98,1112
V385,47,Commands,2,2018-01-31,1000,0.57.60,1047
V258,42,Not A Single Doubt,9,2017-02-02,1650,1.41.92,1121
P310,79,Not A Single Doubt,14,2016-02-06,1000,0.58.40,1132
V258,28,Not A Single Doubt,1,2018-01-31,1800,1.51.49,1145
S419,85,Commands,3,2016-02-06,1400,1.22.26,1097
T098,81,Duke Of Marmalade,4,2016-02-06,1400,1.22.29,1190
T345,56,Commands,7,2018-01-31,1200,1.10.98,1091
S078,74,Commands,9,2014-02-08,1200,1.10.72,1044
P310,68,Not A Single Doubt,2,2015-02-11,1000,0.56.91,1097
V334,35,Flying Spur,1,2017-02-05,1400,1.23.00,1166
T429,50,Not A Single Doubt,12,2016-02-10,1200,1.11.21,1155
A418,80,More Than Ready,10,2018-01-31,1200,1.11.01,1087
M273,28,Flying Spur,5,2018-02-04,1200,1.10.83,1264
T345,47,Commands,9,2017-02-05,1000,0.58.03,1078
V306,54,Snitzel,4,2017-02-05,1000,0.57.46,1147
B067,49,Makfi,9,2018-02-04,1200,1.10.84,1019
A093,116,More Than Ready,3,2018-02-04,1800,1.49.39,1087
V324,46,Commands,3,2017-02-05,1400,1.22.44,1184
T405,48,Commands,10,2018-02-04,1400,1.23.56,1119
T281,65,More Than Ready,7,2017-02-05,1800,1.48.48,1126
V020,80,Showcasing,10,2016-02-10,1200,0.00.00,1108
V150,77,Snitzel,6,2016-02-10,1400,1.22.47,1131
A154,83,Makfi,10,2017-02-05,1400,1.22.82,1020
A171,70,Snitzel,4,2017-02-05,1200,1.09.78,1073
V250,78,Duke Of Marmalade,11,2017-02-05,1200,1.10.84,1178
V151,52,Commands,1,2016-02-14,1200,1.09.53,1134
T436,26,Showcasing,2,2017-02-08,1200,1.10.65,1084
A002,92,Duke Of Marmalade,2,2018-02-07,1800,1.51.68,1083
V011,44,Not A Single Doubt,4,2018-02-07,1200,1.10.99,1103
V348,48,Swiss Ace,1,2018-02-07,1200,1.10.88,1018
T211,102,Sebring,2,2016-02-14,1200,1.09.45,1085
T405,67,Commands,2,2017-02-08,1200,1.10.60,1101
V341,64,More Than Ready,12,2017-02-08,1200,1.11.48,1131
A171,67,Snitzel,11,2018-02-07,1200,1.10.80,1076
P310,70,Not A Single Doubt,10,2018-02-07,1200,1.10.73,1136
T341,77,Commands,8,2018-02-07,1200,1.10.49,1111
T375,81,Not A Single Doubt,6,2016-02-14,1600,1.34.94,1004
V105,67,Showcasing,12,2018-02-07,1650,1.42.25,1085
V381,61,Sebring,11,2018-02-07,1650,1.41.29,1146
B135,52,Makfi,14,2018-02-10,1000,0.58.84,1137
B190,60,Snitzel,3,2018-02-10,1000,0.57.39,1091
M273,65,Flying Spur,3,2012-02-19,1200,1.10.12,1222
A067,71,Makfi,1,2018-02-10,1650,1.37.96,1175
T098,66,Duke Of Marmalade,2,2018-02-10,1650,1.37.98,1217
T098,79,Duke Of Marmalade,2,2015-02-21,1600,1.34.80,1182
V002,68,Not A Single Doubt,2,2018-02-10,1600,1.35.73,1127
M273,51,Flying Spur,3,2014-02-19,1000,0.57.91,1225
P310,78,Not A Single Doubt,4,2017-02-11,1000,0.57.08,1123
S419,77,Commands,3,2017-02-11,1000,0.56.99,1088
V002,73,Not A Single Doubt,13,2017-02-11,1000,0.57.98,1107
S397,60,Not A Single Doubt,2,2016-02-17,1200,1.10.61,1153
V324,52,Commands,3,2018-02-10,1400,1.22.57,1208
S078,62,Commands,7,2016-02-17,1650,1.42.00,1029
T098,83,Duke Of Marmalade,3,2017-02-11,1600,1.34.31,1206
V381,84,Sebring,9,2017-02-11,1600,1.34.87,1119
A024,90,Sebring,8,2018-02-10,1600,1.35.83,1106
A024,82,Sebring,4,2017-02-11,1200,1.09.14,1088
S078,60,Commands,3,2015-02-25,1650,1.42.18,1040
A074,80,Swiss Ace,2,2018-02-10,1200,1.09.02,1145
A128,64,Swiss Ace,4,2018-02-10,1200,1.09.12,1006
A337,69,More Than Ready,11,2018-02-10,1200,1.10.43,1152
B083,64,Swiss Ace,1,2018-02-10,1200,1.08.58,1041
V151,85,Commands,6,2018-02-10,1200,1.09.22,1164
A222,40,More Than Ready,2,2018-02-14,1800,1.51.37,1092
T282,48,Snitzel,3,2017-02-15,1650,1.39.86,1059
T436,40,Showcasing,12,2018-02-14,1200,1.13.63,1109
A154,81,Makfi,12,2017-02-15,1650,1.41.60,1016
V011,49,Not A Single Doubt,6,2016-02-21,1200,1.11.24,1101
V105,52,Showcasing,9,2016-02-21,1200,1.11.25,1070
V347,60,Showcasing,8,2018-02-14,1200,1.11.05,1134
S078,50,Commands,5,2018-02-14,1650,1.41.38,1074
V002,74,Not A Single Doubt,5,2016-02-21,1200,1.10.11,1122
S397,66,Not A Single Doubt,10,2018-02-14,1000,0.57.61,1190
S419,85,Commands,5,2016-02-21,1400,1.22.58,1099
T098,81,Duke Of Marmalade,2,2016-02-21,1400,1.22.42,1177
V150,77,Snitzel,4,2016-02-21,1600,1.35.12,1133
T429,21,Not A Single Doubt,10,2017-02-19,1200,1.10.42,1181
T289,57,Showcasing,7,2016-02-24,1000,0.59.02,1086
M273,26,Flying Spur,9,2018-02-18,1400,1.23.66,1261
V375,31,Makfi,1,2018-02-18,1400,1.23.10,1123
V151,80,Commands,2,2017-02-19,1200,1.09.28,1144
V250,54,Duke Of Marmalade,7,2018-02-18,1400,1.22.82,1208
T405,53,Commands,5,2016-02-24,1200,1.11.69,1094
A189,55,Not A Single Doubt,9,2018-02-18,1800,1.48.83,1046
V381,59,Sebring,3,2018-02-18,1800,1.48.57,1144
A042,68,Swiss Ace,3,2017-02-19,1200,1.08.56,1109
V078,75,More Than Ready,1,2017-02-19,1200,1.08.52,1143
T345,56,Commands,6,2018-02-18,1200,1.11.18,1083
V381,84,Sebring,9,2017-02-19,2000,2.03.07,1111
A002,94,Duke Of Marmalade,4,2018-02-18,2000,2.02.63,1084
A002,83,Duke Of Marmalade,9,2017-02-19,1800,1.48.04,1085
A093,98,More Than Ready,4,2017-02-19,1800,1.47.54,1076
T098,81,Duke Of Marmalade,5,2016-02-24,1200,1.10.70,1174
S078,72,Commands,8,2014-02-26,1650,1.40.83,1039
A024,82,Sebring,2,2017-02-19,1400,1.22.01,1076
T098,84,Duke Of Marmalade,7,2017-02-19,1400,1.22.23,1191
T375,93,Not A Single Doubt,10,2017-02-19,1400,1.22.40,1003
A067,76,Makfi,10,2017-02-19,1400,1.22.59,1156
V150,78,Snitzel,7,2017-02-19,1400,1.22.37,1152
B181,71,Makfi,7,2018-02-18,1200,1.09.78,1163
V150,61,Snitzel,5,2018-02-18,1400,1.22.30,1144
S078,49,Commands,1,2017-02-22,1650,1.40.31,1055
P310,79,Not A Single Doubt,3,2016-02-28,1000,0.57.06,1128
A002,94,Duke Of Marmalade,10,2018-02-21,1650,0.00.00,1100
T375,102,Not A Single Doubt,5,2018-02-21,1650,1.40.79,991
B042,50,Showcasing,10,2018-02-21,1200,1.11.42,1043
P310,76,Not A Single Doubt,8,2017-02-22,1000,0.57.51,1122
S397,71,Not A Single Doubt,5,2017-02-22,1000,0.57.22,1152
S397,60,Not A Single Doubt,5,2015-03-08,1000,0.57.62,1140
T289,50,Showcasing,7,2018-02-21,1000,0.58.05,1108
T289,47,Showcasing,4,2017-02-22,1200,1.10.82,1088
V306,53,Snitzel,11,2017-02-22,1200,1.11.84,1144
V347,59,Showcasing,9,2017-02-22,1200,1.11.54,1106
V020,65,Showcasing,3,2017-02-22,1650,1.39.68,1093
T375,81,Not A Single Doubt,6,2016-02-28,1600,1.35.70,995
A189,52,Not A Single Doubt,8,2017-02-26,1000,0.58.00,1067
P310,68,Not A Single Doubt,2,2018-02-21,1200,1.10.30,1121
T341,76,Commands,7,2018-02-21,1200,1.10.71,1099
V163,39,Sebring,11,2017-02-26,1400,1.23.87,1076
V258,39,Not A Single Doubt,14,2017-02-26,1400,1.25.39,1147
M273,67,Flying Spur,3,2012-03-04,1200,1.10.17,1215
M273,51,Flying Spur,7,2014-03-05,1000,0.58.43,1238
V011,44,Not A Single Doubt,5,2018-02-25,1200,1.10.91,1112
V011,49,Not A Single Doubt,8,2017-02-26,1400,1.23.36,1092
T436,52,Showcasing,11,2016-03-02,1200,1.13.24,1097
V002,71,Not A Single Doubt,7,2017-02-26,1000,0.57.69,1106
V341,62,More Than Ready,10,2017-02-26,1000,0.58.14,1133
M273,43,Flying Spur,3,2016-03-02,1000,0.57.60,1272
T289,55,Showcasing,9,2016-03-02,1000,0.58.71,1081
V258,32,Not A Single Doubt,11,2018-02-25,2000,2.05.21,1153
B067,49,Makfi,3,2018-02-25,1200,1.10.10,1016
B190,60,Snitzel,4,2018-02-25,1200,1.10.11,1089
T405,46,Commands,13,2018-02-25,1200,1.10.97,1118
V250,52,Duke Of Marmalade,5,2018-02-25,1200,1.10.40,1212
B040,67,Sebring,1,2018-02-25,1200,1.09.59,1151
S078,60,Commands,9,2015-03-11,1650,1.41.87,1036
T281,64,More Than Ready,2,2017-02-26,2000,2.03.70,1132
T429,47,Not A Single Doubt,8,2016-03-06,1200,1.11.19,1156
V105,50,Showcasing,6,2016-03-06,1200,1.10.88,1066
V151,60,Commands,1,2016-03-06,1200,1.09.47,1141
A093,116,More Than Ready,6,2018-02-25,2000,2.01.10,1086
A252,118,Not A Single Doubt,9,2018-02-25,1400,1.21.57,1169
P310,70,Not A Single Doubt,2,2015-03-11,1000,0.57.60,1089
T341,65,Commands,5,2016-03-06,1200,1.10.03,1101
T429,16,Not A Single Doubt,7,2018-02-28,1200,1.10.53,1166
V078,80,More Than Ready,2,2017-03-01,1200,1.08.60,1142
A222,41,More Than Ready,1,2018-02-28,1800,1.47.77,1085
V381,60,Sebring,2,2018-02-28,1800,1.48.23,1140
V348,52,Swiss Ace,8,2017-03-05,1200,1.11.82,1037
S078,62,Commands,12,2016-03-06,1800,1.50.07,1015
V334,40,Flying Spur,3,2017-03-05,1600,1.36.01,1167
A067,76,Makfi,12,2018-02-28,1650,1.41.18,1175
A154,78,Makfi,1,2018-02-28,1650,1.38.29,1025
V020,79,Showcasing,4,2018-02-28,1650,1.38.47,1109
A377,86,Not A Single Doubt,7,2018-02-28,1200,1.08.71,1017
B166,82,Sebring,10,2018-02-28,1200,1.09.04,1162
V151,84,Commands,8,2018-02-28,1200,1.08.73,1154
A128,64,Swiss Ace,4,2018-02-28,1200,1.08.55,1002
B083,75,Swiss Ace,2,2018-02-28,1200,1.08.30,1027
A294,59,Commands,8,2018-03-03,1000,0.58.15,1201
M273,42,Flying Spur,6,2016-03-09,1200,1.11.28,1274
T280,25,Flying Spur,3,2018-03-03,1600,1.35.67,1070
V324,46,Commands,11,2017-03-05,1400,1.23.96,1176
T281,48,More Than Ready,6,2016-03-09,1650,1.42.58,1121
T098,81,Duke Of Marmalade,3,2015-03-15,1400,1.22.80,1193
A189,53,Not A Single Doubt,7,2018-03-03,1600,1.36.09,1033
V250,76,Duke Of Marmalade,14,2017-03-05,1400,1.22.90,1177
V150,59,Snitzel,7,2018-03-03,1400,1.22.63,1154
V150,76,Snitzel,1,2017-03-05,1400,1.21.19,1143
A002,83,Duke Of Marmalade,1,2017-03-05,1800,1.46.44,1077
V381,82,Sebring,14,2017-03-05,1800,1.49.18,1111
T436,28,Showcasing,1,2017-03-08,1000,0.57.40,1097
S397,64,Not A Single Doubt,4,2018-03-03,1000,0.56.74,1184
V306,51,Snitzel,3,2017-03-08,1000,0.57.75,1131
V385,52,Commands,6,2017-03-08,1000,0.57.98,1054
T282,49,Snitzel,1,2017-03-08,1650,1.40.73,1049
T405,69,Commands,10,2017-03-08,1200,1.11.05,1104
P310,79,Not A Single Doubt,3,2016-03-13,1000,0.57.15,1120
V002,74,Not A Single Doubt,1,2016-03-13,1000,0.56.85,1121
M273,67,Flying Spur,10,2012-03-14,1200,1.11.34,1209
A154,79,Makfi,12,2017-03-08,1800,1.50.63,1024
S078,48,Commands,7,2018-03-07,1650,1.41.29,1072
V150,76,Snitzel,1,2016-03-13,1400,1.22.61,1131
A337,67,More Than Ready,3,2018-03-07,1200,1.09.97,1136
A418,80,More Than Ready,1,2018-03-07,1200,1.09.76,1096
B107,65,More Than Ready,10,2018-03-07,1200,1.10.46,1100
P310,69,Not A Single Doubt,9,2018-03-07,1200,1.10.37,1128
T429,19,Not A Single Doubt,11,2017-03-12,1650,1.40.80,1181
A189,52,Not A Single Doubt,6,2017-03-12,1400,1.23.46,1062
T289,52,Showcasing,3,2016-03-16,1000,0.57.86,1083
V375,36,Makfi,5,2018-03-11,1400,1.22.83,1124
V105,48,Showcasing,3,2016-03-16,1200,1.10.79,1061
B190,60,Snitzel,1,2018-03-11,1200,1.09.75,1088
V011,43,Not A Single Doubt,6,2018-03-11,1200,1.10.16,1095
A002,95,Duke Of Marmalade,3,2018-03-11,1650,1.38.76,1077
A154,83,Makfi,5,2018-03-11,1650,1.39.01,1019
A171,70,Snitzel,3,2017-03-12,1200,1.09.67,1058
V324,52,Commands,2,2018-03-11,1400,1.22.38,1189
P310,74,Not A Single Doubt,11,2017-03-12,1000,0.57.48,1128
V341,60,More Than Ready,12,2017-03-12,1000,0.57.85,1115
A222,51,More Than Ready,1,2018-03-11,1650,1.38.40,1080
T098,84,Duke Of Marmalade,3,2017-03-12,1650,1.37.89,1186
S397,62,Not A Single Doubt,3,2016-03-16,1200,1.10.31,1146
V078,73,More Than Ready,11,2016-03-16,1200,1.11.29,1182
S078,70,Commands,2,2014-03-19,1650,1.39.62,1035
T098,68,Duke Of Marmalade,4,2018-03-11,1650,1.38.58,1200
T281,73,More Than Ready,3,2018-03-11,1650,1.38.56,1134
S419,85,Commands,12,2016-03-16,1800,1.54.00,1093
T098,83,Duke Of Marmalade,7,2016-03-16,1800,1.52.35,1193
V347,59,Showcasing,2,2017-03-15,1200,1.10.51,1124
T405,53,Commands,2,2016-03-20,1200,1.10.47,1087
B181,71,Makfi,4,2018-03-11,1400,1.22.62,1158
V258,35,Not A Single Doubt,12,2017-03-15,1800,1.57.41,1143
V002,70,Not A Single Doubt,5,2018-03-11,1600,1.34.44,1129
S078,54,Commands,5,2017-03-15,1650,1.41.74,1050
S397,70,Not A Single Doubt,2,2017-03-15,1000,0.56.94,1150
V348,53,Swiss Ace,7,2018-03-14,1000,0.57.96,1024
A067,74,Makfi,9,2017-03-15,1200,1.10.49,1152
T211,103,Sebring,1,2016-03-20,1200,1.08.89,1077
T289,48,Showcasing,5,2018-03-14,1200,1.10.93,1116
S078,61,Commands,12,2016-03-20,1600,1.36.64,1016
A189,51,Not A Single Doubt,3,2018-03-18,1600,1.36.71,1022
V250,50,Duke Of Marmalade,8,2018-03-18,1600,1.36.89,1204
V381,60,Sebring,13,2018-03-18,1600,1.37.34,1134
V150,57,Snitzel,9,2018-03-18,1400,1.23.62,1152
V334,53,Flying Spur,4,2018-03-18,1400,1.23.03,1194
A252,118,Not A Single Doubt,1,2018-03-18,1600,1.35.44,1164
T281,66,More Than Ready,12,2017-03-19,2000,2.05.17,1126
S397,60,Not A Single Doubt,6,2015-04-01,1000,0.57.63,1140
A002,94,Duke Of Marmalade,7,2017-03-19,2000,2.04.04,1086
A093,98,More Than Ready,6,2017-03-19,2000,2.03.83,1085
S078,58,Commands,10,2015-04-01,1650,1.41.58,1050
A024,83,Sebring,6,2017-03-19,1400,1.23.68,1084
T375,92,Not A Single Doubt,8,2017-03-19,1400,1.23.80,1003
V150,82,Snitzel,12,2017-03-19,1400,1.24.32,1151
T429,44,Not A Single Doubt,10,2016-03-28,1400,1.23.59,1154
T436,50,Showcasing,13,2016-03-28,1400,1.23.93,1091
A377,86,Not A Single Doubt,4,2018-03-18,1200,1.09.73,1009
V385,50,Commands,5,2017-03-22,1000,0.57.69,1047
A297,79,Sebring,4,2018-03-18,1400,1.23.11,1152
P310,69,Not A Single Doubt,10,2018-03-18,1400,1.24.13,1133
V306,52,Snitzel,3,2017-03-22,1200,1.10.77,1131
V258,32,Not A Single Doubt,4,2018-03-21,2200,2.20.37,1138
T289,46,Showcasing,5,2018-03-21,1200,1.10.28,1094
A128,64,Swiss Ace,3,2018-03-21,1200,1.10.12,1010
S397,62,Not A Single Doubt,12,2018-03-21,1200,1.11.11,1182
T341,74,Commands,8,2018-03-21,1200,1.10.62,1090
S078,46,Commands,3,2018-03-21,1650,1.40.57,1070
T405,44,Commands,10,2018-03-21,1650,1.41.58,1111
V011,41,Not A Single Doubt,9,2018-03-21,1650,1.41.41,1096
B107,62,More Than Ready,9,2018-03-21,1650,1.41.11,1102
V020,79,Showcasing,5,2018-03-21,1650,1.40.21,1105
V105,66,Showcasing,6,2018-03-21,1650,1.40.24,1080
T098,81,Duke Of Marmalade,11,2016-03-28,1600,1.35.09,1184
A337,67,More Than Ready,1,2018-03-21,1200,1.09.57,1142
P310,72,Not A Single Doubt,8,2017-03-26,1000,0.58.44,1116
V002,69,Not A Single Doubt,6,2017-03-26,1000,0.58.01,1112
M273,67,Flying Spur,2,2012-04-01,1200,1.09.78,1205
M273,49,Flying Spur,9,2014-04-02,1000,0.58.73,1238
A042,70,Swiss Ace,12,2017-03-26,1200,1.10.31,1100
T281,46,More Than Ready,7,2016-03-31,1800,1.51.22,1115
A222,57,More Than Ready,11,2018-03-25,2000,2.05.26,1069
V105,48,Showcasing,1,2016-03-31,1650,1.43.30,1049
T098,68,Duke Of Marmalade,9,2018-03-25,1600,1.35.45,1211
V150,82,Snitzel,5,2017-03-26,1600,1.35.17,1141
A074,80,Swiss Ace,9,2018-03-25,1200,1.10.77,1138
A171,65,Snitzel,3,2018-03-25,1200,1.09.99,1074
B251,70,Commands,8,2018-03-25,1200,1.10.77,1122
A024,90,Sebring,5,2018-03-25,1600,1.34.79,1090
T436,37,Showcasing,4,2017-03-29,1200,1.10.45,1092
T211,112,Sebring,1,2016-04-03,1200,1.08.36,1067
T405,54,Commands,4,2016-04-03,1200,1.10.15,1077
T282,54,Snitzel,5,2017-03-29,1650,1.40.18,1049
V011,47,Not A Single Doubt,3,2017-03-29,1650,1.40.12,1091
P310,79,Not A Single Doubt,5,2016-04-03,1000,0.56.16,1122
S397,63,Not A Single Doubt,9,2016-04-03,1000,0.56.36,1151
T289,47,Showcasing,2,2017-03-29,1200,1.10.37,1093
M273,69,Flying Spur,9,2012-04-09,1000,0.57.18,1202
V341,51,More Than Ready,7,2018-03-28,1200,1.10.34,1131
A418,87,More Than Ready,3,2018-03-28,1200,1.08.87,1091
B166,82,Sebring,8,2018-03-28,1200,1.09.42,1153
V151,82,Commands,9,2018-03-28,1200,1.09.45,1149
A154,77,Makfi,11,2017-03-29,1650,1.43.41,1031
V020,66,Showcasing,2,2017-03-29,1650,1.39.52,1081
V347,61,Showcasing,2,2017-03-29,1200,1.09.91,1120
V341,57,More Than Ready,9,2017-04-02,1200,1.10.58,1117
T341,65,Commands,6,2016-04-03,1200,1.09.80,1084
V078,73,More Than Ready,2,2016-04-03,1200,1.09.60,1161
A002,95,Duke Of Marmalade,5,2018-03-28,1800,1.48.21,1063
A093,116,More Than Ready,2,2018-03-28,1800,1.47.83,1069
V334,40,Flying Spur,1,2017-04-02,1400,1.22.58,1159
P310,67,Not A Single Doubt,11,2018-03-28,1200,1.10.26,1126
T345,57,Commands,10,2016-04-06,1200,1.10.10,1059
V324,45,Commands,1,2017-04-02,1400,1.22.37,1180
T429,14,Not A Single Doubt,4,2018-04-02,1200,1.10.34,1162
A189,50,Not A Single Doubt,5,2017-04-02,1400,1.22.79,1071
S078,59,Commands,5,2016-04-06,1650,1.40.23,1010
V250,74,Duke Of Marmalade,10,2017-04-02,1400,1.22.99,1170
A062,52,Swiss Ace,13,2018-04-02,1200,1.11.44,1055
A280,48,Showcasing,9,2018-04-02,1200,1.10.94,1096
B041,48,Showcasing,11,2018-04-02,1200,1.11.03,1007
B189,52,Sebring,5,2018-04-02,1200,1.10.55,1146
T345,55,Commands,4,2018-04-02,1200,1.10.53,1082
P310,72,Not A Single Doubt,12,2015-04-15,1000,0.59.10,1098
V002,81,Not A Single Doubt,11,2016-04-06,1200,1.10.04,1112
S078,73,Commands,5,2014-04-09,1650,1.40.62,1018
A024,83,Sebring,4,2017-04-02,1400,1.21.07,1082
B067,49,Makfi,5,2018-04-02,1400,1.23.17,1005
B181,70,Makfi,6,2018-04-02,1600,1.35.33,1165
T281,72,More Than Ready,3,2018-04-02,1600,1.35.14,1126
V002,70,Not A Single Doubt,9,2018-04-02,1600,1.35.66,1117
V150,54,Snitzel,3,2018-04-08,1000,0.57.36,1137
T282,52,Snitzel,7,2016-04-10,1200,1.10.80,1029
V011,48,Not A Single Doubt,6,2016-04-10,1200,1.10.80,1092
V375,36,Makfi,6,2018-04-08,1800,1.51.21,1115
T211,68,Sebring,5,2015-04-19,1000,0.55.73,1096
V381,60,Sebring,12,2018-04-08,1800,1.48.31,1142
B040,80,Sebring,4,2018-04-08,1200,1.09.37,1130
P310,65,Not A Single Doubt,11,2018-04-08,1200,1.10.42,1120
V151,73,Commands,2,2016-04-10,1200,1.10.40,1135
T098,84,Duke Of Marmalade,8,2017-04-05,1650,1.38.22,1200
V348,52,Swiss Ace,10,2017-04-09,1000,0.57.57,1021
S419,85,Commands,3,2016-04-10,1400,1.22.61,1092
V150,81,Snitzel,5,2016-04-10,1400,1.22.91,1135
A377,86,Not A Single Doubt,4,2018-04-08,1000,0.55.79,1000
A067,72,Makfi,3,2017-04-09,1200,1.09.74,1154
M273,47,Flying Spur,5,2015-04-22,1000,0.58.02,1239
A297,79,Sebring,2,2018-04-08,1400,1.22.35,1159
V151,82,Commands,1,2017-04-09,1000,0.55.48,1129
T289,51,Showcasing,9,2016-04-13,1200,1.11.20,1082
M273,47,Flying Spur,12,2014-04-16,1200,1.11.44,1239
S078,56,Commands,6,2015-04-22,1650,1.41.85,1041
T211,128,Sebring,5,2017-04-09,1200,1.08.86,1072
V334,53,Flying Spur,12,2018-04-11,1650,1.43.28,1198
B042,48,Showcasing,9,2018-04-11,1200,1.11.23,1030
B107,59,More Than Ready,10,2018-04-11,1200,1.11.44,1091
T289,46,Showcasing,4,2018-04-11,1200,1.10.74,1096
V348,53,Swiss Ace,10,2018-04-11,1200,0.00.00,1100
A002,94,Duke Of Marmalade,11,2017-04-09,2200,2.13.85,1074
A093,97,More Than Ready,2,2017-04-09,2200,2.12.44,1094
A189,51,Not A Single Doubt,1,2018-04-11,1650,1.41.37,1011
T405,42,Commands,3,2018-04-11,1650,1.41.99,1107
M273,37,Flying Spur,12,2017-04-12,1000,0.58.98,1283
S397,59,Not A Single Doubt,7,2015-04-26,1200,1.10.31,1139
S078,54,Commands,2,2017-04-12,1650,1.41.66,1044
V011,47,Not A Single Doubt,1,2017-04-12,1650,1.41.51,1078
V306,53,Snitzel,8,2017-04-12,1200,1.10.88,1122
B314,999,Sebring,7,2018-04-15,1000,1.01.27,1082
T280,25,Flying Spur,7,2018-04-15,1200,1.11.24,1056
M273,42,Flying Spur,11,2016-04-16,1000,0.56.58,1266
B181,70,Makfi,1,2018-04-15,1600,1.35.97,1161
V347,58,Showcasing,5,2018-04-15,1200,1.09.88,1108
V150,82,Snitzel,9,2017-04-12,1650,1.40.81,1137
V324,54,Commands,10,2018-04-15,1400,0.00.00,1100
V011,46,Not A Single Doubt,6,2016-04-16,1400,1.23.03,1085
V250,48,Duke Of Marmalade,8,2018-04-15,1600,1.37.04,1210
P310,63,Not A Single Doubt,4,2018-04-15,1000,0.57.23,1117
S397,63,Not A Single Doubt,7,2016-04-16,1200,1.09.61,1156
V163,36,Sebring,13,2017-04-17,1400,1.24.49,1091
V375,39,Makfi,8,2017-04-17,1400,1.23.25,1102
A002,95,Duke Of Marmalade,1,2018-04-15,2200,2.13.47,1062
A290,71,Makfi,1,2018-04-15,1200,1.09.35,1142
B166,80,Sebring,9,2018-04-15,1200,1.10.34,1160
B251,70,Commands,8,2018-04-15,1200,1.10.26,1118
S419,70,Commands,4,2018-04-15,1200,1.10.11,1087
A067,72,Makfi,3,2017-04-17,1200,1.09.53,1145
T405,69,Commands,12,2017-04-17,1200,1.10.43,1092
A171,71,Snitzel,5,2017-04-17,1200,1.09.45,1061
T436,47,Showcasing,10,2016-04-20,1200,1.11.41,1086
P310,78,Not A Single Doubt,2,2016-04-20,1000,0.57.30,1118
S419,52,Commands,10,2015-05-03,1000,0.00.00,1100
V385,49,Commands,7,2018-04-18,1000,0.58.01,1059
S078,54,Commands,9,2015-05-03,1600,1.36.48,1039
A337,74,More Than Ready,4,2018-04-18,1200,1.10.29,1145
T289,47,Showcasing,2,2017-04-20,1200,1.10.14,1087
V348,50,Swiss Ace,12,2017-04-20,1200,1.12.57,1023
V385,48,Commands,5,2017-04-20,1000,0.58.01,1042
T429,41,Not A Single Doubt,9,2016-04-24,1400,1.24.00,1146
B080,52,Showcasing,4,2018-04-21,1000,0.56.47,1209
B259,52,Swiss Ace,8,2018-04-21,1000,0.57.07,1186
V150,53,Snitzel,5,2018-04-21,1000,0.56.66,1148
T282,52,Snitzel,6,2016-04-24,1200,1.11.17,1024
A042,70,Swiss Ace,10,2017-04-20,1000,0.00.00,1100
P310,70,Not A Single Doubt,6,2017-04-20,1000,0.57.26,1117
V381,58,Sebring,2,2018-04-21,1650,1.38.68,1131
S397,72,Not A Single Doubt,4,2017-04-20,1200,1.09.94,1146
V105,66,Showcasing,10,2017-04-20,1200,0.00.00,1100
M273,24,Flying Spur,10,2018-04-21,1400,0.00.00,1100
T429,14,Not A Single Doubt,13,2018-04-21,1400,1.23.77,1165
V020,68,Showcasing,5,2017-04-20,1650,1.40.33,1091
A062,52,Swiss Ace,12,2018-04-21,1200,1.11.04,1048
T098,66,Duke Of Marmalade,4,2018-04-21,1800,1.47.02,1206
T281,73,More Than Ready,3,2018-04-21,1800,1.46.88,1117
T280,14,Flying Spur,4,2017-04-23,1200,1.09.95,1026
V151,80,Commands,8,2018-04-21,1200,1.11.11,1149
V150,81,Snitzel,5,2016-04-24,1600,1.37.74,1135
A074,80,Swiss Ace,7,2018-04-21,1200,1.08.80,1137
A171,64,Snitzel,5,2018-04-21,1200,1.08.55,1073
B083,77,Swiss Ace,1,2018-04-21,1200,1.07.81,1024
A297,81,Sebring,1,2018-04-21,1400,1.21.74,1154
A377,85,Not A Single Doubt,13,2018-04-21,1400,1.23.33,990
A418,87,More Than Ready,2,2018-04-21,1400,1.21.82,1107
V341,49,More Than Ready,9,2018-04-25,1200,1.11.46,1123
V347,56,Showcasing,7,2018-04-25,1200,1.11.33,1109
T098,83,Duke Of Marmalade,10,2017-04-23,1800,1.48.82,1192
T281,44,More Than Ready,2,2016-04-27,1800,1.49.77,1124
V150,81,Snitzel,8,2017-04-23,1400,1.23.07,1135
B067,49,Makfi,11,2018-04-25,1650,1.41.19,999
S078,47,Commands,9,2018-04-25,1650,1.41.08,1066
T405,41,Commands,8,2018-04-25,1650,1.40.91,1105
A280,46,Showcasing,8,2018-04-25,1200,1.11.20,1095
V334,52,Flying Spur,12,2018-04-25,1650,1.43.70,1191
P310,63,Not A Single Doubt,7,2018-04-25,1200,1.10.41,1125
V163,52,Sebring,5,2016-05-01,1400,1.22.61,1087
T282,54,Snitzel,3,2017-04-26,1650,1.40.28,1042
V011,52,Not A Single Doubt,5,2017-04-26,1650,1.40.53,1084
V341,54,More Than Ready,12,2017-04-26,1650,1.42.88,1109
P310,72,Not A Single Doubt,5,2015-05-09,1000,0.58.87,1090
V250,72,Duke Of Marmalade,10,2017-04-26,1200,1.10.83,1184
V002,69,Not A Single Doubt,8,2018-04-29,1600,1.35.69,1106
T375,101,Not A Single Doubt,6,2018-04-29,1400,1.22.42,988
T211,121,Sebring,2,2016-05-01,1200,1.08.75,1066
T098,82,Duke Of Marmalade,4,2015-05-09,1400,1.23.80,1209
B304,80,Sebring,5,2018-04-29,1200,1.09.90,1044
B339,73,Sebring,6,2018-04-29,1200,1.09.93,996
A252,123,Not A Single Doubt,3,2018-04-29,1600,1.34.59,1159
V306,53,Snitzel,5,2017-04-30,1200,1.10.12,1135
S419,86,Commands,6,2016-05-01,1400,1.23.03,1089
S078,73,Commands,6,2014-05-07,1650,1.41.47,1031
M273,45,Flying Spur,1,2015-05-13,1000,0.57.35,1253
T211,125,Sebring,5,2018-04-29,1200,1.09.51,1080
V334,47,Flying Spur,11,2017-04-30,1400,1.23.66,1166
T098,79,Duke Of Marmalade,9,2016-05-01,1400,1.22.87,1183
A093,118,More Than Ready,3,2018-04-29,2000,2.00.88,1085
A189,49,Not A Single Doubt,6,2017-04-30,1400,1.22.74,1076
V324,50,Commands,5,2017-04-30,1400,1.22.69,1175
V151,75,Commands,3,2016-05-01,1200,1.09.77,1134
B273,88,Snitzel,13,2018-04-29,1200,1.11.99,1108
B305,87,Snitzel,10,2018-04-29,1200,1.10.78,1143
A024,88,Sebring,10,2018-04-29,1600,1.36.51,1085
A002,94,Duke Of Marmalade,5,2017-04-30,2400,2.26.37,1068
A093,100,More Than Ready,1,2017-04-30,2400,2.25.48,1074
T289,49,Showcasing,7,2016-05-04,1000,0.58.20,1078
M273,45,Flying Spur,7,2014-05-10,1000,0.57.65,1233
V258,32,Not A Single Doubt,14,2018-05-02,1800,1.56.64,1148
S078,57,Commands,5,2016-05-04,1650,1.41.46,1019
V105,53,Showcasing,2,2016-05-04,1650,1.41.16,1038
B041,45,Showcasing,5,2018-05-02,1200,1.09.43,1005
A067,73,Makfi,10,2017-04-30,1200,1.10.56,1152
V347,63,Showcasing,9,2017-04-30,1200,1.10.45,1122
A154,83,Makfi,10,2018-05-02,1650,0.00.00,1100
T345,55,Commands,11,2016-05-04,1200,1.12.02,1064
A024,83,Sebring,8,2017-04-30,1600,1.34.30,1082
T098,81,Duke Of Marmalade,14,2017-04-30,1600,1.35.51,1190
T375,90,Not A Single Doubt,9,2017-04-30,1600,1.34.31,993
S397,62,Not A Single Doubt,1,2016-05-04,1000,0.57.19,1149
P310,65,Not A Single Doubt,14,2014-05-10,1000,0.57.74,1078
A222,57,More Than Ready,1,2018-05-02,1650,1.38.89,1067
T098,64,Duke Of Marmalade,8,2018-05-02,1650,1.38.84,1191
V020,79,Showcasing,11,2018-05-02,1650,1.39.76,1103
V381,60,Sebring,7,2018-05-02,1650,1.38.78,1136
V385,46,Commands,7,2017-05-03,1000,0.57.81,1043
T211,68,Sebring,2,2015-05-16,1200,1.09.16,1091
S078,55,Commands,5,2017-05-03,1650,1.40.65,1047
P310,69,Not A Single Doubt,10,2017-05-03,1000,0.58.03,1113
S397,73,Not A Single Doubt,5,2017-05-03,1000,0.57.64,1149
V105,66,Showcasing,5,2017-05-03,1650,1.40.42,1038
T405,54,Commands,3,2016-05-07,1200,1.09.88,1088
V011,44,Not A Single Doubt,7,2016-05-07,1200,1.09.80,1072
M273,40,Flying Spur,1,2016-05-11,1000,0.57.54,1261
T211,127,Sebring,1,2017-05-07,1200,1.08.96,1076
A171,71,Snitzel,4,2017-05-07,1200,1.10.07,1064
V002,67,Not A Single Doubt,9,2017-05-07,1200,1.10.65,1119
V342,74,Swiss Ace,1,2017-05-07,1200,1.09.52,1046
V151,88,Commands,8,2017-05-07,1400,1.22.63,1131
V381,81,Sebring,9,2017-05-07,1400,1.22.76,1111
T280,999,Flying Spur,11,2015-05-24,1000,0.58.53,1007
V020,68,Showcasing,2,2017-05-10,1650,1.39.16,1084
V011,52,Not A Single Doubt,2,2017-05-10,1650,1.40.36,1086
T405,69,Commands,8,2017-05-10,1200,1.10.48,1089
T282,50,Snitzel,8,2016-05-14,1400,1.23.97,1038
T289,47,Showcasing,5,2016-05-14,1000,0.57.04,1071
P310,71,Not A Single Doubt,12,2015-05-24,1000,0.58.06,1098
A207,999,Not A Single Doubt,6,2017-05-13,1000,0.58.44,1042
V002,81,Not A Single Doubt,10,2016-05-14,1000,0.57.70,1104
T098,78,Duke Of Marmalade,1,2016-05-14,1650,1.37.70,1193
S419,86,Commands,10,2016-05-14,1400,0.00.00,1100
V150,81,Snitzel,7,2016-05-14,1400,1.22.25,1135
S078,52,Commands,2,2015-05-27,1650,1.39.62,1052
P310,67,Not A Single Doubt,3,2017-05-13,1000,0.57.32,1109
T281,46,More Than Ready,2,2016-05-18,2200,2.17.83,1115
A067,73,Makfi,2,2017-05-13,1400,1.23.02,1143
V150,79,Snitzel,3,2017-05-13,1400,1.23.09,1135
V250,70,Duke Of Marmalade,7,2017-05-13,1400,1.23.73,1186
T098,79,Duke Of Marmalade,8,2017-05-13,1400,1.23.96,1196
P310,80,Not A Single Doubt,10,2016-05-18,1000,1.00.51,1123
S078,55,Commands,6,2016-05-18,1650,1.41.18,1015
M273,999,Flying Spur,4,2011-05-29,1200,1.11.47,1226
S078,55,Commands,4,2017-05-17,1650,1.40.59,1039
V306,52,Snitzel,8,2017-05-17,1200,1.10.96,1131
T280,18,Flying Spur,10,2017-05-21,1200,1.11.25,1049
T429,17,Not A Single Doubt,5,2017-05-21,1200,1.10.25,1180
T436,44,Showcasing,10,2016-05-22,1400,1.23.28,1087
S078,71,Commands,5,2014-05-28,1800,1.49.84,1031
M273,51,Flying Spur,3,2015-06-03,1000,0.57.73,1260
V151,77,Commands,3,2016-05-22,1200,1.09.37,1122
T098,84,Duke Of Marmalade,8,2016-05-22,1650,1.38.92,1204
T375,80,Not A Single Doubt,2,2016-05-22,1400,1.21.79,981
V381,80,Sebring,3,2017-05-21,1600,1.35.32,1112
T429,38,Not A Single Doubt,6,2016-05-29,1600,1.36.82,1143
A024,81,Sebring,1,2017-05-21,1600,1.34.59,1075
M273,45,Flying Spur,4,2016-05-29,1000,0.56.38,1255
V258,52,Not A Single Doubt,2,2016-05-29,1000,0.56.18,1143
S397,57,Not A Single Doubt,2,2015-06-07,1200,1.09.12,1142
V163,52,Sebring,5,2016-05-29,1400,1.22.69,1085
V348,47,Swiss Ace,7,2017-05-24,1200,1.11.22,1016
P310,64,Not A Single Doubt,11,2014-06-01,1200,1.11.18,1079
T282,54,Snitzel,9,2017-05-24,1650,1.41.57,1039
V105,67,Showcasing,4,2017-05-24,1650,1.39.92,1038
V020,80,Showcasing,11,2016-05-29,1200,1.09.88,1105
A171,70,Snitzel,7,2017-05-24,1200,1.10.50,1057
T405,68,Commands,10,2017-05-24,1200,1.10.87,1099
T405,55,Commands,5,2016-06-01,1200,1.10.89,1090
T282,48,Snitzel,6,2016-06-01,1200,1.11.05,1034
T211,69,Sebring,1,2015-06-07,1200,1.09.08,1078
V385,44,Commands,2,2017-05-28,1000,0.57.61,1042
A189,49,Not A Single Doubt,1,2017-05-28,1600,1.35.99,1074
A154,74,Makfi,10,2017-05-28,1400,0.00.00,1100
V002,65,Not A Single Doubt,3,2017-05-28,1400,1.22.17,1124
V150,80,Snitzel,4,2017-05-28,1400,1.22.31,1129
V324,51,Commands,10,2017-05-28,1400,1.23.24,1189
A093,107,More Than Ready,3,2017-05-28,2400,2.29.73,1077
V250,68,Duke Of Marmalade,8,2017-05-28,1400,1.23.07,1186
A252,87,Not A Single Doubt,13,2017-05-28,1200,1.10.68,1121
V151,88,Commands,4,2017-05-28,1200,1.09.63,1147
T280,999,Flying Spur,10,2015-06-14,1200,1.11.57,1009
V011,42,Not A Single Doubt,6,2016-06-05,1400,1.23.28,1071
V078,73,More Than Ready,3,2016-06-05,1400,1.21.52,1160
T098,77,Duke Of Marmalade,9,2017-05-31,1650,1.38.86,1206
A207,999,Not A Single Doubt,2,2017-06-04,1200,1.11.60,1048
P310,69,Not A Single Doubt,3,2015-06-14,1000,0.55.95,1094
T280,18,Flying Spur,4,2017-06-04,1400,1.23.36,1049
V375,36,Makfi,12,2017-06-04,1400,1.24.25,1099
T098,82,Duke Of Marmalade,6,2015-06-14,1600,1.34.87,1207
A002,93,Duke Of Marmalade,9,2017-06-04,2000,2.03.64,1052
S078,53,Commands,4,2016-06-09,1650,1.42.39,1015
A222,52,More Than Ready,11,2017-06-04,1400,1.24.27,1079
V341,51,More Than Ready,5,2017-06-04,1400,1.23.71,1115
P310,80,Not A Single Doubt,1,2016-06-09,1000,0.57.48,1127
P310,66,Not A Single Doubt,5,2017-06-04,1000,0.56.48,1113
A067,75,Makfi,8,2017-06-04,1400,1.23.16,1150
V306,999,Snitzel,10,2016-06-12,1000,0.57.98,1184
V347,999,Showcasing,2,2016-06-12,1000,0.56.61,1099
V306,50,Snitzel,7,2017-06-07,1200,1.10.72,1136
V011,53,Not A Single Doubt,4,2017-06-07,1650,1.40.12,1091
V334,47,Flying Spur,12,2017-06-07,1650,1.42.17,1170
T436,41,Showcasing,10,2016-06-12,1400,1.23.51,1083
P310,62,Not A Single Doubt,12,2014-06-15,1000,0.57.71,1070
S397,59,Not A Single Doubt,5,2015-06-21,1200,1.09.89,1140
S419,52,Commands,1,2015-06-21,1200,1.08.90,1075
T281,47,More Than Ready,1,2016-06-12,1800,1.49.73,1114
S078,53,Commands,4,2015-06-21,1650,1.38.74,1022
P310,999,Not A Single Doubt,1,2013-06-23,1000,0.56.58,1144
V258,54,Not A Single Doubt,12,2016-06-12,1400,1.23.96,1133
S078,70,Commands,7,2014-06-15,1600,1.35.72,1032
V002,81,Not A Single Doubt,12,2016-06-12,1000,0.56.84,1108
T289,72,Showcasing,11,2015-06-21,1200,1.12.54,1062
V385,46,Commands,1,2017-06-11,1000,0.56.88,1038
V151,78,Commands,5,2016-06-12,1200,1.10.07,1120
T282,46,Snitzel,9,2016-06-15,1200,1.11.64,1026
V250,66,Duke Of Marmalade,8,2017-06-11,1200,1.09.95,1199
T341,65,Commands,4,2016-06-15,1200,1.10.15,1085
T375,81,Not A Single Doubt,1,2016-06-15,1650,1.39.75,972
S078,56,Commands,8,2017-06-14,1650,1.40.35,1046
T282,54,Snitzel,10,2017-06-14,1650,1.40.60,1042
T289,48,Showcasing,7,2017-06-14,1200,1.10.50,1087
M273,51,Flying Spur,11,2015-06-27,1000,0.57.67,1257
S397,73,Not A Single Doubt,4,2017-06-14,1000,0.57.04,1153
V020,70,Showcasing,1,2017-06-14,1650,1.38.92,1089
V381,81,Sebring,4,2017-06-14,1800,1.48.60,1120
P310,70,Not A Single Doubt,8,2015-06-27,1000,0.55.89,1099
T405,66,Commands,8,2017-06-14,1200,1.10.18,1099
V347,63,Showcasing,3,2017-06-14,1200,1.09.66,1114
V324,51,Commands,5,2017-06-18,1400,1.23.24,1188
V078,75,More Than Ready,8,2016-06-19,1400,1.21.81,1146
V334,47,Flying Spur,13,2017-06-18,1650,1.42.40,1164
T405,55,Commands,1,2016-06-22,1200,1.10.02,1080
V334,52,Flying Spur,8,2016-06-22,1200,1.11.19,1135
T345,47,Commands,6,2017-06-18,1200,1.11.00,1060
T345,53,Commands,3,2016-06-22,1000,0.57.44,1069
T098,75,Duke Of Marmalade,10,2017-06-18,1650,0.00.00,1100
T281,66,More Than Ready,1,2017-06-18,1650,1.39.35,1114
V011,40,Not A Single Doubt,3,2016-06-22,1200,1.11.08,1065
A171,68,Snitzel,5,2017-06-18,1200,1.10.38,1059
S078,53,Commands,1,2015-07-01,1650,1.38.07,1012
A024,87,Sebring,6,2017-06-18,1600,1.35.63,1077
V151,89,Commands,6,2017-06-18,1200,1.10.41,1149
V342,85,Swiss Ace,3,2017-06-18,1200,1.09.91,1051
M273,34,Flying Spur,7,2017-06-21,1000,0.57.64,1260
T345,52,Commands,8,2015-07-01,1200,1.10.29,1058
T289,72,Showcasing,14,2015-07-01,1200,1.10.72,1053
A128,52,Swiss Ace,2,2017-06-21,1200,1.10.35,981
T289,45,Showcasing,10,2016-06-26,1200,1.10.41,1081
T282,44,Snitzel,13,2016-06-26,1200,1.11.02,1029
A337,80,More Than Ready,6,2017-06-21,1200,1.10.16,1155
T281,52,More Than Ready,10,2016-06-26,2000,0.00.00,1100
V105,67,Showcasing,5,2017-06-21,1650,1.40.01,1035
V020,78,Showcasing,11,2016-06-26,1200,1.10.35,1096
T280,18,Flying Spur,8,2017-06-25,1400,1.23.58,1049
V150,81,Snitzel,4,2016-06-26,1600,1.34.05,1134
V306,999,Snitzel,14,2016-07-01,1200,1.12.08,1175
V347,999,Showcasing,8,2016-07-01,1200,1.10.58,1106
P310,64,Not A Single Doubt,7,2017-06-25,1200,1.09.60,1132
S419,76,Commands,8,2017-06-25,1200,1.09.64,1071
V334,52,Flying Spur,10,2016-07-01,1000,0.57.83,1131
A280,52,Showcasing,9,2017-06-25,1200,1.10.09,1070
V306,48,Snitzel,10,2017-06-25,1200,1.10.10,1140
V078,82,More Than Ready,1,2017-06-25,1200,1.08.12,1133
V002,65,Not A Single Doubt,13,2017-06-25,1400,1.23.30,1131
V150,80,Snitzel,8,2017-06-25,1400,1.22.59,1140
T341,65,Commands,5,2016-07-01,1200,1.08.98,1083
M273,51,Flying Spur,10,2015-07-08,1000,0.58.13,1250
V011,53,Not A Single Doubt,7,2017-06-28,1650,1.40.46,1093
V341,49,More Than Ready,2,2017-06-28,1650,1.40.33,1121
V347,63,Showcasing,2,2017-06-28,1200,1.09.90,1113
V020,77,Showcasing,5,2017-06-28,1650,1.40.03,1093
V381,81,Sebring,10,2017-06-28,1650,1.39.97,1122
A222,52,More Than Ready,8,2017-07-01,1200,1.10.87,1077
T345,45,Commands,7,2017-07-01,1200,1.10.80,1063
S078,68,Commands,7,2014-07-06,1600,1.35.23,1043
S419,64,Commands,5,2015-07-12,1200,1.09.76,1062
V375,33,Makfi,1,2017-07-01,1650,1.40.38,1109
S078,52,Commands,3,2016-07-06,1650,1.41.63,1028
T375,88,Not A Single Doubt,4,2017-07-01,1400,1.20.93,992
T429,35,Not A Single Doubt,11,2016-07-10,1800,1.50.80,1155
T098,75,Duke Of Marmalade,10,2017-07-01,1650,0.00.00,1100
V163,51,Sebring,11,2016-07-10,1400,1.23.12,1086
A207,999,Not A Single Doubt,1,2017-07-09,1200,1.09.97,1040
A280,52,Showcasing,11,2017-07-09,1000,0.57.52,1072
A294,74,Commands,6,2017-07-09,1200,1.10.09,1169
S419,86,Commands,7,2016-07-10,1400,1.21.66,1091
A189,56,Not A Single Doubt,2,2017-07-09,1600,1.35.62,1074
A002,91,Duke Of Marmalade,6,2017-07-09,2000,2.00.72,1067
A297,73,Sebring,1,2017-07-09,1400,1.21.41,1151
S078,56,Commands,11,2017-07-12,1650,1.41.16,1049
P310,62,Not A Single Doubt,1,2017-07-12,1000,0.57.08,1124
T341,69,Commands,7,2017-07-12,1000,0.57.66,1091
S397,73,Not A Single Doubt,9,2017-07-12,1200,1.10.16,1136
T405,64,Commands,12,2017-07-12,1200,1.10.99,1100
T281,75,More Than Ready,5,2017-07-12,1800,1.50.51,1112
A252,87,Not A Single Doubt,1,2017-07-12,1200,1.09.55,1122
T280,16,Flying Spur,2,2017-07-16,1200,1.10.71,1038
T429,17,Not A Single Doubt,3,2017-07-16,1200,1.10.72,1194
A128,52,Swiss Ace,2,2017-07-16,1200,1.10.39,986
T289,48,Showcasing,5,2017-07-16,1200,1.10.45,1086
A222,50,More Than Ready,6,2017-07-16,1400,1.24.91,1077
V381,80,Sebring,13,2017-07-16,1600,1.37.61,1120
A337,80,More Than Ready,10,2017-07-16,1200,1.11.12,1154
S419,74,Commands,3,2017-07-16,1200,1.10.39,1090
V250,63,Duke Of Marmalade,11,2017-07-16,1200,1.11.15,1210
T375,87,Not A Single Doubt,6,2017-07-16,1400,1.23.27,972
